{
  "session_name": "BKN_vs_PHX_20260127_1908",
  "duration_minutes": 36.60025631189346,
  "initial_capital": 10000,
  "final_equity": 10009.46,
  "total_return": 0.09459999999999127,
  "total_pnl": 9.460000000000008,
  "total_trades": 1,
  "winning_trades": 1,
  "losing_trades": 0,
  "win_rate": 100.0,
  "gross_profit": 9.460000000000008,
  "gross_loss": 0,
  "avg_win": 9.460000000000008,
  "avg_loss": 0,
  "avg_pnl_per_trade": 9.460000000000008,
  "profit_factor": Infinity,
  "sharpe_ratio": 1.0,
  "max_drawdown": 0,
  "is_profitable": true,
  "beats_breakeven": true,
  "profitability": "BARELY PROFITABLE \u26a0\ufe0f"
}