{
  "session_name": "DET_vs_DEN_20260127_1838",
  "duration_minutes": 25.636610174179076,
  "initial_capital": 10000,
  "final_equity": 10056.630000000005,
  "total_return": 0.5663000000000465,
  "total_pnl": 56.62999999999994,
  "total_trades": 66,
  "winning_trades": 46,
  "losing_trades": 20,
  "win_rate": 69.6969696969697,
  "gross_profit": 131.17999999999995,
  "gross_loss": 74.55000000000003,
  "avg_win": 2.8517391304347814,
  "avg_loss": 3.7275000000000014,
  "avg_pnl_per_trade": 0.8580303030303021,
  "profit_factor": 1.7596244131455385,
  "sharpe_ratio": 0.10765259508039685,
  "max_drawdown": 2.9369999999999887,
  "is_profitable": true,
  "beats_breakeven": true,
  "profitability": "BARELY PROFITABLE \u26a0\ufe0f"
}