{
  "session_name": "LAL_vs_CHI_20260126_1752",
  "duration_minutes": 204.99226897557577,
  "initial_capital": 10000,
  "final_equity": 9985.72,
  "total_return": -0.14280000000000656,
  "total_pnl": -14.280000000000012,
  "total_trades": 2,
  "winning_trades": 0,
  "losing_trades": 2,
  "win_rate": 0.0,
  "gross_profit": 0,
  "gross_loss": 14.280000000000012,
  "avg_win": 0,
  "avg_loss": 7.140000000000006,
  "avg_pnl_per_trade": -7.140000000000006,
  "profit_factor": 0.0,
  "sharpe_ratio": -1.0,
  "max_drawdown": 0.14280000000000656,
  "is_profitable": false,
  "beats_breakeven": false,
  "profitability": "UNPROFITABLE \u274c"
}